{"url":"https:\/\/atlas-studio.bitrix24.ru\/rest\/6\/x9mxlocgbcszfz7i\/crm.lead.add.json","info":{"url":"https:\/\/atlas-studio.bitrix24.ru\/rest\/6\/x9mxlocgbcszfz7i\/crm.lead.add.json","content_type":"application\/json; charset=utf-8","http_code":200,"header_size":1178,"request_size":235,"filetime":-1,"ssl_verify_result":0,"redirect_count":0,"total_time":1.140515,"namelookup_time":0.158186,"connect_time":0.178499,"pretransfer_time":0.247895,"size_upload":1874,"size_download":238,"speed_download":208,"speed_upload":1643,"download_content_length":-1,"upload_content_length":1874,"starttransfer_time":0.269203,"redirect_time":0,"redirect_url":"","primary_ip":"178.132.201.52","certinfo":[],"primary_port":443,"local_ip":"87.236.20.110","local_port":58181},"params":{"method":"crm.lead.add","params":{"FIELDS":{"TITLE":"\u0417\u0430\u044f\u0432\u043a\u0430 \u0441 \u0441\u0430\u0439\u0442\u0430 https:\/\/quiz-atlas-spb.ru","NAME":"\u0423\u0442\u043e\u0447\u043d\u0438\u0442\u044c \u0438\u043c\u044f!","COMMENTS":"\u003Cb\u003E\u0422\u0435\u043c\u0430:\u003C\/b\u003E \u0420\u0435\u0437\u0443\u043b\u044c\u0442\u0430\u0442 \u0442\u0435\u0441\u0442\u0430\u003Cbr\u003E\u003Cb\u003E\u0418\u0442\u043e\u0433\u043e\u0432\u0430\u044f_\u0441\u0442\u043e\u0438\u043c\u043e\u0441\u0442\u044c:\u003C\/b\u003E 90880\u003Cbr\u003E\u003Cb\u003E\u0422\u0435\u043b\u0435\u0444\u043e\u043d:\u003C\/b\u003E +7 (999) 538-09-91\u003Cbr\u003E\u003Cb\u003E\u0422\u0438\u043f_\u0436\u0438\u043b\u044c\u044f:\u003C\/b\u003E \u0412\u0442\u043e\u0440\u0438\u0447\u043a\u0430\u003Cbr\u003E\u003Cb\u003E\u0422\u0438\u043f_\u0440\u0435\u043c\u043e\u043d\u0442\u0430:\u003C\/b\u003E \u0420\u0435\u043c\u043e\u043d\u0442 \u043e\u0442\u0434\u0435\u043b\u044c\u043d\u044b\u0445 \u043f\u043e\u043c\u0435\u0449\u0435\u043d\u0438\u0439\u003Cbr\u003E\u003Cb\u003E\u0422\u0438\u043f_\u043f\u043e\u043c\u0435\u0449\u0435\u043d\u0438\u044f:\u003C\/b\u003E \u0414\u0440\u0443\u0433\u0438\u0435 \u043f\u043e\u043c\u0435\u0449\u0435\u043d\u0438\u044f\u003Cbr\u003E\u003Cb\u003E\u0414\u0435\u043c\u043e\u043d\u0442\u0430\u0436:\u003C\/b\u003E \u0414\u0430\u003Cbr\u003E\u003Cb\u003E\u041c\u0435\u0441\u0435\u043d\u0434\u0436\u0435\u0440:\u003C\/b\u003E WhatsApp\u003Cbr\u003E\u003Cb\u003E\u0412\u044b\u0441\u043e\u0442\u0430_\u043f\u043e\u0442\u043e\u043b\u043a\u043e\u0432:\u003C\/b\u003E 2.50\u003Cbr\u003E\u003Cb\u003E\u041f\u043b\u043e\u0449\u0430\u0434\u044c_\u043f\u043e\u043c\u0435\u0449\u0435\u043d\u0438\u044f:\u003C\/b\u003E 16\u003Cbr\u003E","PHONE":[{"VALUE":"+7 (999) 538-09-91","VALUE_TYPE":"WORK"}],"UTM_SOURCE":"yandex","UTM_MEDIUM":"cpc","UTM_CAMPAIGN":"master_remont_kvartir_spb","UTM_CONTENT":"11932097338","UTM_TERM":"---autotargeting"}}},"result":{"result":34,"time":{"start":1651088151.8271,"finish":1651088152.6065,"duration":0.77941203117371,"processing":0.72054409980774,"date_start":"2022-04-27T22:35:51+03:00","date_finish":"2022-04-27T22:35:52+03:00","operating":0}}}