{"url":"https:\/\/atlas-studio.bitrix24.ru\/rest\/6\/x9mxlocgbcszfz7i\/crm.lead.add.json","info":{"url":"https:\/\/atlas-studio.bitrix24.ru\/rest\/6\/x9mxlocgbcszfz7i\/crm.lead.add.json","content_type":"application\/json; charset=utf-8","http_code":200,"header_size":1178,"request_size":235,"filetime":-1,"ssl_verify_result":0,"redirect_count":0,"total_time":1.178689,"namelookup_time":0.141023,"connect_time":0.161019,"pretransfer_time":0.232652,"size_upload":2788,"size_download":237,"speed_download":201,"speed_upload":2365,"download_content_length":-1,"upload_content_length":2788,"starttransfer_time":0.253937,"redirect_time":0,"redirect_url":"","primary_ip":"178.132.201.52","certinfo":[],"primary_port":443,"local_ip":"87.236.20.110","local_port":54365},"params":{"method":"crm.lead.add","params":{"FIELDS":{"TITLE":"\u0417\u0430\u044f\u0432\u043a\u0430 \u0441 \u0441\u0430\u0439\u0442\u0430 https:\/\/quiz-atlas-spb.ru","NAME":"\u0423\u0442\u043e\u0447\u043d\u0438\u0442\u044c \u0438\u043c\u044f!","COMMENTS":"\u003Cb\u003E\u0422\u0435\u043c\u0430:\u003C\/b\u003E \u0420\u0435\u0437\u0443\u043b\u044c\u0442\u0430\u0442 \u0442\u0435\u0441\u0442\u0430\u003Cbr\u003E\u003Cb\u003E\u0418\u0442\u043e\u0433\u043e\u0432\u0430\u044f_\u0441\u0442\u043e\u0438\u043c\u043e\u0441\u0442\u044c:\u003C\/b\u003E 1094000\u003Cbr\u003E\u003Cb\u003E\u0422\u0435\u043b\u0435\u0444\u043e\u043d:\u003C\/b\u003E +7 (960) 277-39-81\u003Cbr\u003E\u003Cb\u003E\u0422\u0438\u043f_\u0436\u0438\u043b\u044c\u044f:\u003C\/b\u003E \u0412\u0442\u043e\u0440\u0438\u0447\u043a\u0430\u003Cbr\u003E\u003Cb\u003E\u0422\u0438\u043f_\u0440\u0435\u043c\u043e\u043d\u0442\u0430:\u003C\/b\u003E \u0420\u0435\u043c\u043e\u043d\u0442 \u0432\u0441\u0435\u0439 \u043a\u0432\u0430\u0440\u0442\u0438\u0440\u044b\u003Cbr\u003E\u003Cb\u003E\u0421\u043a\u043e\u043b\u044c\u043a\u043e_\u0441\u0430\u043d\u0443\u0437\u043b\u043e\u0432:\u003C\/b\u003E \u041e\u0434\u0438\u043d \u0441\u0430\u043d\u0443\u0437\u0435\u043b\u003Cbr\u003E\u003Cb\u003E\u041f\u043e\u0442\u043e\u043b\u043a\u0438:\u003C\/b\u003E \u041f\u043e\u043a\u0440\u0430\u0441\u0438\u0442\u044c \u043f\u043e\u0442\u043e\u043b\u043a\u0438\u003Cbr\u003E\u003Cb\u003E\u0421\u0442\u0435\u043d\u044b:\u003C\/b\u003E \u0412\u044b\u0440\u043e\u0432\u043d\u044f\u0442\u044c \u0441\u0442\u0435\u043d\u044b, \u041f\u043e\u043a\u0440\u0430\u0441\u0438\u0442\u044c \u0441\u0442\u0435\u043d\u044b\u003Cbr\u003E\u003Cb\u003E\u041f\u043e\u043b\u044b:\u003C\/b\u003E \u0421\u0434\u0435\u043b\u0430\u0442\u044c \u0432\u044b\u0440\u0430\u0432\u043d\u0438\u0432\u0430\u043d\u0438\u0435 \u0438\u043b\u0438 \u0441\u0442\u044f\u0436\u043a\u0443, \u041f\u043e\u043b\u043e\u0436\u0438\u0442\u044c \u043b\u0438\u043d\u043e\u043b\u0435\u0443\u043c\u003Cbr\u003E\u003Cb\u003E\u042d\u043b\u0435\u043a\u0442\u0440\u0438\u043a\u0430:\u003C\/b\u003E \u041c\u043e\u043d\u0442\u0430\u0436 \u043d\u043e\u0432\u043e\u0439 \u044d\u043b\u0435\u043a\u0442\u0440\u0438\u043a\u0438\u003Cbr\u003E\u003Cb\u003E\u041f\u043e\u0434\u0430\u0440\u043e\u043a:\u003C\/b\u003E \u041a\u043b\u0438\u043d\u0438\u043d\u0433\u003Cbr\u003E\u003Cb\u003E\u041c\u0435\u0441\u0435\u043d\u0434\u0436\u0435\u0440:\u003C\/b\u003E WhatsApp\u003Cbr\u003E\u003Cb\u003E\u041f\u043b\u043e\u0449\u0430\u0434\u044c_\u043a\u0432\u0430\u0440\u0442\u0438\u0440\u044b_:\u003C\/b\u003E 62\u003Cbr\u003E\u003Cb\u003E\u041f\u043b\u043e\u0449\u0430\u0434\u044c_\u0441\u0430\u043d\u0443\u0437\u043b\u043e\u0432:\u003C\/b\u003E 10\u003Cbr\u003E","PHONE":[{"VALUE":"+7 (960) 277-39-81","VALUE_TYPE":"WORK"}],"UTM_SOURCE":"yandex","UTM_MEDIUM":"cpc","UTM_CAMPAIGN":"master_remont_kvartir_spb","UTM_CONTENT":"11932097337","UTM_TERM":"---autotargeting"}}},"result":{"result":38,"time":{"start":1651130930.971,"finish":1651130931.7438,"duration":0.77281498908997,"processing":0.69891285896301,"date_start":"2022-04-28T10:28:50+03:00","date_finish":"2022-04-28T10:28:51+03:00","operating":0}}}