{"url":"https:\/\/atlas-studio.bitrix24.ru\/rest\/6\/x9mxlocgbcszfz7i\/crm.lead.add.json","info":{"url":"https:\/\/atlas-studio.bitrix24.ru\/rest\/6\/x9mxlocgbcszfz7i\/crm.lead.add.json","content_type":"application\/json; charset=utf-8","http_code":200,"header_size":1178,"request_size":235,"filetime":-1,"ssl_verify_result":0,"redirect_count":0,"total_time":1.159992,"namelookup_time":0.189966,"connect_time":0.212212,"pretransfer_time":0.284353,"size_upload":2172,"size_download":237,"speed_download":204,"speed_upload":1872,"download_content_length":-1,"upload_content_length":2172,"starttransfer_time":0.305352,"redirect_time":0,"redirect_url":"","primary_ip":"178.132.201.50","certinfo":[],"primary_port":443,"local_ip":"87.236.20.110","local_port":7663},"params":{"method":"crm.lead.add","params":{"FIELDS":{"TITLE":"\u0417\u0430\u044f\u0432\u043a\u0430 \u0441 \u0441\u0430\u0439\u0442\u0430 https:\/\/quiz-atlas-spb.ru","NAME":"\u0423\u0442\u043e\u0447\u043d\u0438\u0442\u044c \u0438\u043c\u044f!","COMMENTS":"\u003Cb\u003E\u0422\u0435\u043c\u0430:\u003C\/b\u003E \u0420\u0435\u0437\u0443\u043b\u044c\u0442\u0430\u0442 \u0442\u0435\u0441\u0442\u0430\u003Cbr\u003E\u003Cb\u003E\u0418\u0442\u043e\u0433\u043e\u0432\u0430\u044f_\u0441\u0442\u043e\u0438\u043c\u043e\u0441\u0442\u044c:\u003C\/b\u003E 71280\u003Cbr\u003E\u003Cb\u003E\u0422\u0435\u043b\u0435\u0444\u043e\u043d:\u003C\/b\u003E +7 (911) 011-79-23\u003Cbr\u003E\u003Cb\u003E\u0422\u0438\u043f_\u0436\u0438\u043b\u044c\u044f:\u003C\/b\u003E \u0412\u0442\u043e\u0440\u0438\u0447\u043a\u0430\u003Cbr\u003E\u003Cb\u003E\u0422\u0438\u043f_\u0440\u0435\u043c\u043e\u043d\u0442\u0430:\u003C\/b\u003E \u0420\u0435\u043c\u043e\u043d\u0442 \u043e\u0442\u0434\u0435\u043b\u044c\u043d\u044b\u0445 \u043f\u043e\u043c\u0435\u0449\u0435\u043d\u0438\u0439\u003Cbr\u003E\u003Cb\u003E\u0422\u0438\u043f_\u043f\u043e\u043c\u0435\u0449\u0435\u043d\u0438\u044f:\u003C\/b\u003E \u041a\u0443\u0445\u043d\u044f\u003Cbr\u003E\u003Cb\u003E\u041f\u043e\u0442\u043e\u043b\u043a\u0438:\u003C\/b\u003E \u041f\u043e\u043a\u0440\u0430\u0441\u0438\u0442\u044c \u043f\u043e\u0442\u043e\u043b\u043a\u0438\u003Cbr\u003E\u003Cb\u003E\u0421\u0442\u0435\u043d\u044b:\u003C\/b\u003E \u041f\u043e\u043a\u0440\u0430\u0441\u0438\u0442\u044c \u0441\u0442\u0435\u043d\u044b\u003Cbr\u003E\u003Cb\u003E\u041c\u0435\u0441\u0435\u043d\u0434\u0436\u0435\u0440:\u003C\/b\u003E WhatsApp\u003Cbr\u003E\u003Cb\u003E\u0412\u044b\u0441\u043e\u0442\u0430_\u043f\u043e\u0442\u043e\u043b\u043a\u043e\u0432:\u003C\/b\u003E 2.75\u003Cbr\u003E\u003Cb\u003E\u041f\u043b\u043e\u0449\u0430\u0434\u044c_\u043f\u043e\u043c\u0435\u0449\u0435\u043d\u0438\u044f:\u003C\/b\u003E 11\u003Cbr\u003E","PHONE":[{"VALUE":"+7 (911) 011-79-23","VALUE_TYPE":"WORK"}],"UTM_SOURCE":"yandex","UTM_MEDIUM":"cpc","UTM_CAMPAIGN":"rsya_remont_kvartir_spb","UTM_CONTENT":"11932044179","UTM_TERM":"\u0440\u0435\u043c\u043e\u043d\u0442 \u043a\u0432\u0430\u0440\u0442\u0438\u0440 \u043f\u043e\u0434 \u043a\u043b\u044e\u0447 \u043f\u0440\u0430\u0439\u0441"}}},"result":{"result":44,"time":{"start":1651210671.4315,"finish":1651210672.1498,"duration":0.71830797195435,"processing":0.64961576461792,"date_start":"2022-04-29T08:37:51+03:00","date_finish":"2022-04-29T08:37:52+03:00","operating":0}}}