{"url":"https:\/\/quizmethod.bitrix24.ru\/rest\/403\/uj6wmfqf2aqb7y8l\/crm.lead.add.json","info":{"url":"https:\/\/quizmethod.bitrix24.ru\/rest\/403\/uj6wmfqf2aqb7y8l\/crm.lead.add.json","content_type":"application\/json; charset=utf-8","http_code":200,"header_size":1183,"request_size":235,"filetime":-1,"ssl_verify_result":0,"redirect_count":0,"total_time":0.921099,"namelookup_time":0.165745,"connect_time":0.176972,"pretransfer_time":0.246846,"size_upload":2555,"size_download":239,"speed_download":259,"speed_upload":2773,"download_content_length":-1,"upload_content_length":2555,"starttransfer_time":0.2595,"redirect_time":0,"redirect_url":"","primary_ip":"46.235.53.69","certinfo":[],"primary_port":443,"local_ip":"87.236.20.110","local_port":59497},"params":{"method":"crm.lead.add","params":{"FIELDS":{"TITLE":"\u0417\u0430\u044f\u0432\u043a\u0430 \u0441 \u0441\u0430\u0439\u0442\u0430 https:\/\/quiz-atlas-spb.ru","NAME":"\u0423\u0442\u043e\u0447\u043d\u0438\u0442\u044c \u0438\u043c\u044f!","COMMENTS":"\u003Cb\u003E\u0422\u0435\u043c\u0430:\u003C\/b\u003E \u0420\u0435\u0437\u0443\u043b\u044c\u0442\u0430\u0442 \u0442\u0435\u0441\u0442\u0430\u003Cbr\u003E\u003Cb\u003E\u0418\u0442\u043e\u0433\u043e\u0432\u0430\u044f_\u0441\u0442\u043e\u0438\u043c\u043e\u0441\u0442\u044c:\u003C\/b\u003E 159680\u003Cbr\u003E\u003Cb\u003E\u0422\u0435\u043b\u0435\u0444\u043e\u043d:\u003C\/b\u003E +7 (911) 911-36-33\u003Cbr\u003E\u003Cb\u003E\u0422\u0438\u043f_\u0436\u0438\u043b\u044c\u044f:\u003C\/b\u003E \u0412\u0442\u043e\u0440\u0438\u0447\u043a\u0430\u003Cbr\u003E\u003Cb\u003E\u0422\u0438\u043f_\u0440\u0435\u043c\u043e\u043d\u0442\u0430:\u003C\/b\u003E \u0420\u0435\u043c\u043e\u043d\u0442 \u043e\u0442\u0434\u0435\u043b\u044c\u043d\u044b\u0445 \u043f\u043e\u043c\u0435\u0449\u0435\u043d\u0438\u0439\u003Cbr\u003E\u003Cb\u003E\u0422\u0438\u043f_\u043f\u043e\u043c\u0435\u0449\u0435\u043d\u0438\u044f:\u003C\/b\u003E \u041e\u0434\u043d\u0430 \u0438\u043b\u0438 \u043d\u0435\u0441\u043a\u043e\u043b\u044c\u043a\u043e \u0436\u0438\u043b\u044b\u0445 \u043a\u043e\u043c\u043d\u0430\u0442\u003Cbr\u003E\u003Cb\u003E\u0414\u0435\u043c\u043e\u043d\u0442\u0430\u0436:\u003C\/b\u003E \u0414\u0430\u003Cbr\u003E\u003Cb\u003E\u0421\u0442\u0435\u043d\u044b:\u003C\/b\u003E \u0412\u044b\u0440\u043e\u0432\u043d\u044f\u0442\u044c \u0441\u0442\u0435\u043d\u044b, \u041f\u043e\u043a\u043b\u0435\u0438\u0442\u044c \u043e\u0431\u043e\u0438\u003Cbr\u003E\u003Cb\u003E\u041f\u043e\u043b\u044b:\u003C\/b\u003E \u0421\u0434\u0435\u043b\u0430\u0442\u044c \u0432\u044b\u0440\u0430\u0432\u043d\u0438\u0432\u0430\u043d\u0438\u0435 \u0438\u043b\u0438 \u0441\u0442\u044f\u0436\u043a\u0443, \u041f\u043e\u043b\u043e\u0436\u0438\u0442\u044c \u043f\u0430\u0440\u043a\u0435\u0442\u043d\u0443\u044e \u0434\u043e\u0441\u043a\u0443\u003Cbr\u003E\u003Cb\u003E\u042d\u043b\u0435\u043a\u0442\u0440\u0438\u043a\u0430:\u003C\/b\u003E \u041c\u043e\u043d\u0442\u0430\u0436 \u043d\u043e\u0432\u043e\u0439 \u044d\u043b\u0435\u043a\u0442\u0440\u0438\u043a\u0438\u003Cbr\u003E\u003Cb\u003E\u041c\u0435\u0441\u0435\u043d\u0434\u0436\u0435\u0440:\u003C\/b\u003E WhatsApp\u003Cbr\u003E\u003Cb\u003E\u0412\u044b\u0441\u043e\u0442\u0430_\u043f\u043e\u0442\u043e\u043b\u043a\u043e\u0432:\u003C\/b\u003E 2.6\u003Cbr\u003E\u003Cb\u003E\u041f\u043b\u043e\u0449\u0430\u0434\u044c_\u043f\u043e\u043c\u0435\u0449\u0435\u043d\u0438\u044f:\u003C\/b\u003E 16\u003Cbr\u003E","PHONE":[{"VALUE":"+7 (911) 911-36-33","VALUE_TYPE":"WORK"}]}}},"result":{"result":4117,"time":{"start":1650978787.2977,"finish":1650978787.9199,"duration":0.62215089797974,"processing":0.57940292358398,"date_start":"2022-04-26T16:13:07+03:00","date_finish":"2022-04-26T16:13:07+03:00","operating":0}}}