{"url":"https:\/\/atlas-studio.bitrix24.ru\/rest\/6\/x9mxlocgbcszfz7i\/crm.lead.add.json","info":{"url":"https:\/\/atlas-studio.bitrix24.ru\/rest\/6\/x9mxlocgbcszfz7i\/crm.lead.add.json","content_type":"application\/json; charset=utf-8","http_code":200,"header_size":1183,"request_size":235,"filetime":-1,"ssl_verify_result":0,"redirect_count":0,"total_time":1.023622,"namelookup_time":0.169209,"connect_time":0.180982,"pretransfer_time":0.251253,"size_upload":5250,"size_download":236,"speed_download":230,"speed_upload":5128,"download_content_length":-1,"upload_content_length":5250,"starttransfer_time":0.264381,"redirect_time":0,"redirect_url":"","primary_ip":"46.235.53.69","certinfo":[],"primary_port":443,"local_ip":"87.236.20.110","local_port":42795},"params":{"method":"crm.lead.add","params":{"FIELDS":{"TITLE":"\u0417\u0430\u044f\u0432\u043a\u0430 \u0441 \u0441\u0430\u0439\u0442\u0430 https:\/\/quiz-atlas-spb.ru","NAME":"\u0423\u0442\u043e\u0447\u043d\u0438\u0442\u044c \u0438\u043c\u044f!","COMMENTS":"\u003Ctable style=\u0027width: 50%;\u0027\u003E\n\t\t\u003Ctr style=\u0022background-color: #f8f8f8;\u0022\u003E\n\t\t\u003Ctd style=\u0027padding: 10px; width: auto;\u0027\u003E\u003Cb\u003E\u0422\u0435\u043c\u0430:\u003C\/b\u003E\u003C\/td\u003E\n\t\t\u003Ctd style=\u0027padding: 10px;width: 100%;\u0027\u003E\u0420\u0435\u0437\u0443\u043b\u044c\u0442\u0430\u0442 \u0442\u0435\u0441\u0442\u0430\u003C\/td\u003E\n\t\t\u003C\/tr\u003E\n\t\t\n\t\t\u003Ctr\u003E\n\t\t\u003Ctd style=\u0027padding: 10px; width: auto;\u0027\u003E\u003Cb\u003E\u0418\u0442\u043e\u0433\u043e\u0432\u0430\u044f_\u0441\u0442\u043e\u0438\u043c\u043e\u0441\u0442\u044c:\u003C\/b\u003E\u003C\/td\u003E\n\t\t\u003Ctd style=\u0027padding: 10px;width: 100%;\u0027\u003E579600\u003C\/td\u003E\n\t\t\u003C\/tr\u003E\n\t\t\n\t\t\u003Ctr style=\u0022background-color: #f8f8f8;\u0022\u003E\n\t\t\u003Ctd style=\u0027padding: 10px; width: auto;\u0027\u003E\u003Cb\u003E\u0422\u0435\u043b\u0435\u0444\u043e\u043d:\u003C\/b\u003E\u003C\/td\u003E\n\t\t\u003Ctd style=\u0027padding: 10px;width: 100%;\u0027\u003E+7 (534) 534-53-45\u003C\/td\u003E\n\t\t\u003C\/tr\u003E\n\t\t\n\t\t\u003Ctr\u003E\n\t\t\u003Ctd style=\u0027padding: 10px; width: auto;\u0027\u003E\u003Cb\u003E\u0422\u0438\u043f_\u0436\u0438\u043b\u044c\u044f:\u003C\/b\u003E\u003C\/td\u003E\n\t\t\u003Ctd style=\u0027padding: 10px;width: 100%;\u0027\u003E\u041d\u043e\u0432\u043e\u0441\u0442\u0440\u043e\u0439\u043a\u0430\u003C\/td\u003E\n\t\t\u003C\/tr\u003E\n\t\t\n\t\t\u003Ctr style=\u0022background-color: #f8f8f8;\u0022\u003E\n\t\t\u003Ctd style=\u0027padding: 10px; width: auto;\u0027\u003E\u003Cb\u003E\u0422\u0438\u043f_\u0440\u0435\u043c\u043e\u043d\u0442\u0430:\u003C\/b\u003E\u003C\/td\u003E\n\t\t\u003Ctd style=\u0027padding: 10px;width: 100%;\u0027\u003E\u0420\u0435\u043c\u043e\u043d\u0442 \u0432\u0441\u0435\u0439 \u043a\u0432\u0430\u0440\u0442\u0438\u0440\u044b\u003C\/td\u003E\n\t\t\u003C\/tr\u003E\n\t\t\n\t\t\u003Ctr\u003E\n\t\t\u003Ctd style=\u0027padding: 10px; width: auto;\u0027\u003E\u003Cb\u003E\u0421\u043a\u043e\u043b\u044c\u043a\u043e_\u0441\u0430\u043d\u0443\u0437\u043b\u043e\u0432:\u003C\/b\u003E\u003C\/td\u003E\n\t\t\u003Ctd style=\u0027padding: 10px;width: 100%;\u0027\u003E\u041e\u0434\u0438\u043d \u0441\u0430\u043d\u0443\u0437\u0435\u043b\u003C\/td\u003E\n\t\t\u003C\/tr\u003E\n\t\t\n\t\t\u003Ctr style=\u0022background-color: #f8f8f8;\u0022\u003E\n\t\t\u003Ctd style=\u0027padding: 10px; width: auto;\u0027\u003E\u003Cb\u003E\u041f\u043e\u0442\u043e\u043b\u043a\u0438:\u003C\/b\u003E\u003C\/td\u003E\n\t\t\u003Ctd style=\u0027padding: 10px;width: 100%;\u0027\u003E\u0423\u0441\u0442\u0430\u043d\u043e\u0432\u0438\u0442\u044c \u043d\u0430\u0442\u044f\u0436\u043d\u044b\u0435 \u043f\u043e\u0442\u043e\u043b\u043a\u0438\u003C\/td\u003E\n\t\t\u003C\/tr\u003E\n\t\t\n\t\t\u003Ctr\u003E\n\t\t\u003Ctd style=\u0027padding: 10px; width: auto;\u0027\u003E\u003Cb\u003E\u041f\u043e\u043b\u044b:\u003C\/b\u003E\u003C\/td\u003E\n\t\t\u003Ctd style=\u0027padding: 10px;width: 100%;\u0027\u003E\u0421\u0434\u0435\u043b\u0430\u0442\u044c \u0432\u044b\u0440\u0430\u0432\u043d\u0438\u0432\u0430\u043d\u0438\u0435 \u0438\u043b\u0438 \u0441\u0442\u044f\u0436\u043a\u0443, \u041f\u043e\u043b\u043e\u0436\u0438\u0442\u044c \u043f\u043b\u0438\u0442\u043a\u0443\u003C\/td\u003E\n\t\t\u003C\/tr\u003E\n\t\t\n\t\t\u003Ctr style=\u0022background-color: #f8f8f8;\u0022\u003E\n\t\t\u003Ctd style=\u0027padding: 10px; width: auto;\u0027\u003E\u003Cb\u003E\u041f\u043e\u0434\u0430\u0440\u043e\u043a:\u003C\/b\u003E\u003C\/td\u003E\n\t\t\u003Ctd style=\u0027padding: 10px;width: 100%;\u0027\u003E\u041a\u043b\u0438\u043d\u0438\u043d\u0433\u003C\/td\u003E\n\t\t\u003C\/tr\u003E\n\t\t\n\t\t\u003Ctr\u003E\n\t\t\u003Ctd style=\u0027padding: 10px; width: auto;\u0027\u003E\u003Cb\u003E\u041c\u0435\u0441\u0435\u043d\u0434\u0436\u0435\u0440:\u003C\/b\u003E\u003C\/td\u003E\n\t\t\u003Ctd style=\u0027padding: 10px;width: 100%;\u0027\u003EWhatsApp\u003C\/td\u003E\n\t\t\u003C\/tr\u003E\n\t\t\n\t\t\u003Ctr style=\u0022background-color: #f8f8f8;\u0022\u003E\n\t\t\u003Ctd style=\u0027padding: 10px; width: auto;\u0027\u003E\u003Cb\u003E\u0412\u044b\u0441\u043e\u0442\u0430_\u043f\u043e\u0442\u043e\u043b\u043a\u043e\u0432:\u003C\/b\u003E\u003C\/td\u003E\n\t\t\u003Ctd style=\u0027padding: 10px;width: 100%;\u0027\u003E3\u003C\/td\u003E\n\t\t\u003C\/tr\u003E\n\t\t\n\t\t\u003Ctr\u003E\n\t\t\u003Ctd style=\u0027padding: 10px; width: auto;\u0027\u003E\u003Cb\u003E\u041f\u043b\u043e\u0449\u0430\u0434\u044c_\u043a\u0432\u0430\u0440\u0442\u0438\u0440\u044b_:\u003C\/b\u003E\u003C\/td\u003E\n\t\t\u003Ctd style=\u0027padding: 10px;width: 100%;\u0027\u003E77\u003C\/td\u003E\n\t\t\u003C\/tr\u003E\n\t\t\n\t\t\u003Ctr style=\u0022background-color: #f8f8f8;\u0022\u003E\n\t\t\u003Ctd style=\u0027padding: 10px; width: auto;\u0027\u003E\u003Cb\u003E\u041f\u043b\u043e\u0449\u0430\u0434\u044c_\u0441\u0430\u043d\u0443\u0437\u043b\u043e\u0432:\u003C\/b\u003E\u003C\/td\u003E\n\t\t\u003Ctd style=\u0027padding: 10px;width: 100%;\u0027\u003E3\u003C\/td\u003E\n\t\t\u003C\/tr\u003E\n\t\t\u003C\/table\u003E","PHONE":[{"VALUE":"+7 (534) 534-53-45","VALUE_TYPE":"WORK"}]}}},"result":{"result":8,"time":{"start":1650621190.7302,"finish":1650621191.4116,"duration":0.68134188652039,"processing":0.62243795394897,"date_start":"2022-04-22T12:53:10+03:00","date_finish":"2022-04-22T12:53:11+03:00","operating":0}}}