{"url":"https:\/\/b24-7726o1.bitrix24.ru\/rest\/1\/3wb55xj172dei6sv\/crm.lead.add.json","info":{"url":"https:\/\/b24-7726o1.bitrix24.ru\/rest\/1\/3wb55xj172dei6sv\/crm.lead.add.json","content_type":"application\/json; charset=utf-8","http_code":401,"header_size":780,"request_size":233,"filetime":-1,"ssl_verify_result":0,"redirect_count":0,"total_time":0.317801,"namelookup_time":0.146235,"connect_time":0.157637,"pretransfer_time":0.228273,"size_upload":5101,"size_download":91,"speed_download":286,"speed_upload":16050,"download_content_length":-1,"upload_content_length":5101,"starttransfer_time":0.246163,"redirect_time":0,"redirect_url":"","primary_ip":"89.208.228.119","certinfo":[],"primary_port":443,"local_ip":"87.236.20.110","local_port":16483},"params":{"method":"crm.lead.add","params":{"FIELDS":{"TITLE":"\u0417\u0430\u044f\u0432\u043a\u0430 \u0441 \u0441\u0430\u0439\u0442\u0430 https:\/\/quiz-atlas-spb.ru","NAME":"\u0423\u0442\u043e\u0447\u043d\u0438\u0442\u044c \u0438\u043c\u044f!","COMMENTS":"\u003Ctable style=\u0027width: 50%;\u0027\u003E\n\t\t\u003Ctr style=\u0022background-color: #f8f8f8;\u0022\u003E\n\t\t\u003Ctd style=\u0027padding: 10px; width: auto;\u0027\u003E\u003Cb\u003E\u0422\u0435\u043c\u0430:\u003C\/b\u003E\u003C\/td\u003E\n\t\t\u003Ctd style=\u0027padding: 10px;width: 100%;\u0027\u003E\u0420\u0435\u0437\u0443\u043b\u044c\u0442\u0430\u0442 \u0442\u0435\u0441\u0442\u0430\u003C\/td\u003E\n\t\t\u003C\/tr\u003E\n\t\t\n\t\t\u003Ctr\u003E\n\t\t\u003Ctd style=\u0027padding: 10px; width: auto;\u0027\u003E\u003Cb\u003E\u0418\u0442\u043e\u0433\u043e\u0432\u0430\u044f_\u0441\u0442\u043e\u0438\u043c\u043e\u0441\u0442\u044c:\u003C\/b\u003E\u003C\/td\u003E\n\t\t\u003Ctd style=\u0027padding: 10px;width: 100%;\u0027\u003E515400\u003C\/td\u003E\n\t\t\u003C\/tr\u003E\n\t\t\n\t\t\u003Ctr style=\u0022background-color: #f8f8f8;\u0022\u003E\n\t\t\u003Ctd style=\u0027padding: 10px; width: auto;\u0027\u003E\u003Cb\u003E\u0422\u0435\u043b\u0435\u0444\u043e\u043d:\u003C\/b\u003E\u003C\/td\u003E\n\t\t\u003Ctd style=\u0027padding: 10px;width: 100%;\u0027\u003E+7 (534) 534-53-99\u003C\/td\u003E\n\t\t\u003C\/tr\u003E\n\t\t\n\t\t\u003Ctr\u003E\n\t\t\u003Ctd style=\u0027padding: 10px; width: auto;\u0027\u003E\u003Cb\u003E\u0422\u0438\u043f_\u0436\u0438\u043b\u044c\u044f:\u003C\/b\u003E\u003C\/td\u003E\n\t\t\u003Ctd style=\u0027padding: 10px;width: 100%;\u0027\u003E\u0412\u0442\u043e\u0440\u0438\u0447\u043a\u0430\u003C\/td\u003E\n\t\t\u003C\/tr\u003E\n\t\t\n\t\t\u003Ctr style=\u0022background-color: #f8f8f8;\u0022\u003E\n\t\t\u003Ctd style=\u0027padding: 10px; width: auto;\u0027\u003E\u003Cb\u003E\u0422\u0438\u043f_\u0440\u0435\u043c\u043e\u043d\u0442\u0430:\u003C\/b\u003E\u003C\/td\u003E\n\t\t\u003Ctd style=\u0027padding: 10px;width: 100%;\u0027\u003E\u0420\u0435\u043c\u043e\u043d\u0442 \u0432\u0441\u0435\u0439 \u043a\u0432\u0430\u0440\u0442\u0438\u0440\u044b\u003C\/td\u003E\n\t\t\u003C\/tr\u003E\n\t\t\n\t\t\u003Ctr\u003E\n\t\t\u003Ctd style=\u0027padding: 10px; width: auto;\u0027\u003E\u003Cb\u003E\u0421\u043a\u043e\u043b\u044c\u043a\u043e_\u0441\u0430\u043d\u0443\u0437\u043b\u043e\u0432:\u003C\/b\u003E\u003C\/td\u003E\n\t\t\u003Ctd style=\u0027padding: 10px;width: 100%;\u0027\u003E\u041e\u0434\u0438\u043d \u0441\u0430\u043d\u0443\u0437\u0435\u043b\u003C\/td\u003E\n\t\t\u003C\/tr\u003E\n\t\t\n\t\t\u003Ctr style=\u0022background-color: #f8f8f8;\u0022\u003E\n\t\t\u003Ctd style=\u0027padding: 10px; width: auto;\u0027\u003E\u003Cb\u003E\u0414\u0435\u043c\u043e\u043d\u0442\u0430\u0436:\u003C\/b\u003E\u003C\/td\u003E\n\t\t\u003Ctd style=\u0027padding: 10px;width: 100%;\u0027\u003E\u0414\u0430\u003C\/td\u003E\n\t\t\u003C\/tr\u003E\n\t\t\n\t\t\u003Ctr\u003E\n\t\t\u003Ctd style=\u0027padding: 10px; width: auto;\u0027\u003E\u003Cb\u003E\u041f\u043e\u043b\u044b:\u003C\/b\u003E\u003C\/td\u003E\n\t\t\u003Ctd style=\u0027padding: 10px;width: 100%;\u0027\u003E\u0421\u0434\u0435\u043b\u0430\u0442\u044c \u0432\u044b\u0440\u0430\u0432\u043d\u0438\u0432\u0430\u043d\u0438\u0435 \u0438\u043b\u0438 \u0441\u0442\u044f\u0436\u043a\u0443, \u041f\u043e\u043b\u043e\u0436\u0438\u0442\u044c \u043b\u0430\u043c\u0438\u043d\u0430\u0442\u003C\/td\u003E\n\t\t\u003C\/tr\u003E\n\t\t\n\t\t\u003Ctr style=\u0022background-color: #f8f8f8;\u0022\u003E\n\t\t\u003Ctd style=\u0027padding: 10px; width: auto;\u0027\u003E\u003Cb\u003E\u041f\u043e\u0434\u0430\u0440\u043e\u043a:\u003C\/b\u003E\u003C\/td\u003E\n\t\t\u003Ctd style=\u0027padding: 10px;width: 100%;\u0027\u003E\u041a\u043b\u0438\u043d\u0438\u043d\u0433\u003C\/td\u003E\n\t\t\u003C\/tr\u003E\n\t\t\n\t\t\u003Ctr\u003E\n\t\t\u003Ctd style=\u0027padding: 10px; width: auto;\u0027\u003E\u003Cb\u003E\u041c\u0435\u0441\u0435\u043d\u0434\u0436\u0435\u0440:\u003C\/b\u003E\u003C\/td\u003E\n\t\t\u003Ctd style=\u0027padding: 10px;width: 100%;\u0027\u003EViber\u003C\/td\u003E\n\t\t\u003C\/tr\u003E\n\t\t\n\t\t\u003Ctr style=\u0022background-color: #f8f8f8;\u0022\u003E\n\t\t\u003Ctd style=\u0027padding: 10px; width: auto;\u0027\u003E\u003Cb\u003E\u0412\u044b\u0441\u043e\u0442\u0430_\u043f\u043e\u0442\u043e\u043b\u043a\u043e\u0432:\u003C\/b\u003E\u003C\/td\u003E\n\t\t\u003Ctd style=\u0027padding: 10px;width: 100%;\u0027\u003E3\u003C\/td\u003E\n\t\t\u003C\/tr\u003E\n\t\t\n\t\t\u003Ctr\u003E\n\t\t\u003Ctd style=\u0027padding: 10px; width: auto;\u0027\u003E\u003Cb\u003E\u041f\u043b\u043e\u0449\u0430\u0434\u044c_\u043a\u0432\u0430\u0440\u0442\u0438\u0440\u044b_:\u003C\/b\u003E\u003C\/td\u003E\n\t\t\u003Ctd style=\u0027padding: 10px;width: 100%;\u0027\u003E55\u003C\/td\u003E\n\t\t\u003C\/tr\u003E\n\t\t\n\t\t\u003Ctr style=\u0022background-color: #f8f8f8;\u0022\u003E\n\t\t\u003Ctd style=\u0027padding: 10px; width: auto;\u0027\u003E\u003Cb\u003E\u041f\u043b\u043e\u0449\u0430\u0434\u044c_\u0441\u0430\u043d\u0443\u0437\u043b\u043e\u0432:\u003C\/b\u003E\u003C\/td\u003E\n\t\t\u003Ctd style=\u0027padding: 10px;width: 100%;\u0027\u003E4\u003C\/td\u003E\n\t\t\u003C\/tr\u003E\n\t\t\u003C\/table\u003E","PHONE":[{"VALUE":"+7 (534) 534-53-99","VALUE_TYPE":"WORK"}]}}},"result":{"error":"ACCESS_DENIED","error_description":"REST is available only on commercial plans."}}