{"url":"https:\/\/atlas-studio.bitrix24.ru\/rest\/6\/x9mxlocgbcszfz7i\/crm.lead.add.json","info":{"url":"https:\/\/atlas-studio.bitrix24.ru\/rest\/6\/x9mxlocgbcszfz7i\/crm.lead.add.json","content_type":"application\/json; charset=utf-8","http_code":200,"header_size":1180,"request_size":235,"filetime":-1,"ssl_verify_result":0,"redirect_count":0,"total_time":0.930117,"namelookup_time":0.126112,"connect_time":0.13701,"pretransfer_time":0.207324,"size_upload":2941,"size_download":236,"speed_download":253,"speed_upload":3161,"download_content_length":-1,"upload_content_length":2941,"starttransfer_time":0.220236,"redirect_time":0,"redirect_url":"","primary_ip":"89.208.228.119","certinfo":[],"primary_port":443,"local_ip":"87.236.20.110","local_port":55631},"params":{"method":"crm.lead.add","params":{"FIELDS":{"TITLE":"\u0417\u0430\u044f\u0432\u043a\u0430 \u0441 \u0441\u0430\u0439\u0442\u0430 https:\/\/quiz-atlas-spb.ru","NAME":"\u0423\u0442\u043e\u0447\u043d\u0438\u0442\u044c \u0438\u043c\u044f!","COMMENTS":"\u003Cb\u003E\u0422\u0435\u043c\u0430:\u003C\/b\u003E \u0420\u0435\u0437\u0443\u043b\u044c\u0442\u0430\u0442 \u0442\u0435\u0441\u0442\u0430\u003Cbr\u003E\u003Cb\u003E\u0418\u0442\u043e\u0433\u043e\u0432\u0430\u044f_\u0441\u0442\u043e\u0438\u043c\u043e\u0441\u0442\u044c:\u003C\/b\u003E 264960\u003Cbr\u003E\u003Cb\u003E\u0422\u0435\u043b\u0435\u0444\u043e\u043d:\u003C\/b\u003E +7 (911) 007-92-55\u003Cbr\u003E\u003Cb\u003E\u0422\u0438\u043f_\u0436\u0438\u043b\u044c\u044f:\u003C\/b\u003E \u041d\u043e\u0432\u043e\u0441\u0442\u0440\u043e\u0439\u043a\u0430\u003Cbr\u003E\u003Cb\u003E\u0422\u0438\u043f_\u0440\u0435\u043c\u043e\u043d\u0442\u0430:\u003C\/b\u003E \u0420\u0435\u043c\u043e\u043d\u0442 \u043e\u0442\u0434\u0435\u043b\u044c\u043d\u044b\u0445 \u043f\u043e\u043c\u0435\u0449\u0435\u043d\u0438\u0439\u003Cbr\u003E\u003Cb\u003E\u0422\u0438\u043f_\u043f\u043e\u043c\u0435\u0449\u0435\u043d\u0438\u044f:\u003C\/b\u003E \u0421\u0430\u043d\u0443\u0437\u0435\u043b\u003Cbr\u003E\u003Cb\u003E\u041f\u043e\u0442\u043e\u043b\u043a\u0438:\u003C\/b\u003E \u0423\u0441\u0442\u0430\u043d\u043e\u0432\u0438\u0442\u044c \u043d\u0430\u0442\u044f\u0436\u043d\u044b\u0435 \u043f\u043e\u0442\u043e\u043b\u043a\u0438\u003Cbr\u003E\u003Cb\u003E\u0421\u0442\u0435\u043d\u044b:\u003C\/b\u003E \u0423\u043a\u043b\u0430\u0434\u043a\u0430 \u043f\u043b\u0438\u0442\u043a\u0438\u003Cbr\u003E\u003Cb\u003E\u041f\u043e\u043b\u044b:\u003C\/b\u003E \u041f\u043e\u043b\u043e\u0436\u0438\u0442\u044c \u043f\u043b\u0438\u0442\u043a\u0443\u003Cbr\u003E\u003Cb\u003E\u0421\u0430\u043d\u0442\u0435\u0445\u043d\u0438\u043a\u0430:\u003C\/b\u003E \u0423\u043d\u0438\u0442\u0430\u0437, \u0412\u0430\u043d\u043d\u0430\u044f, \u0420\u0430\u043a\u043e\u0432\u0438\u043d\u0430, \u0414\u0443\u0448\u0435\u0432\u0430\u044f \u043a\u043e\u043d\u0441\u0442\u0440\u0443\u043a\u0446\u0438\u044f, \u0418\u043d\u0441\u0442\u0430\u043b\u043b\u044f\u0446\u0438\u044f, \u0421\u043c\u0435\u0441\u0442\u0438\u0442\u0435\u043b\u0438, \u041f\u043e\u043b\u043e\u0442\u0435\u043d\u0446\u0435\u0441\u0443\u0448\u0438\u0442\u0435\u043b\u044c, \u0412\u043e\u0434\u043e\u043d\u0430\u0433\u0440\u0435\u0432\u0430\u0442\u0435\u043b\u044c, \u0422\u0435\u0445\u043d\u0438\u043a\u0430: \u0441\u0442\u0438\u0440\u0430\u043b\u044c\u043d\u0430\u044f, \u0441\u0443\u0448\u0438\u043b\u044c\u043d\u0430\u044f \u043c\u0430\u0448\u0438\u043d\u0430\u003Cbr\u003E\u003Cb\u003E\u041c\u0435\u0441\u0435\u043d\u0434\u0436\u0435\u0440:\u003C\/b\u003E WhatsApp\u003Cbr\u003E\u003Cb\u003E\u0412\u044b\u0441\u043e\u0442\u0430_\u043f\u043e\u0442\u043e\u043b\u043a\u043e\u0432:\u003C\/b\u003E 2.6\u003Cbr\u003E\u003Cb\u003E\u041f\u043b\u043e\u0449\u0430\u0434\u044c_\u043f\u043e\u043c\u0435\u0449\u0435\u043d\u0438\u044f:\u003C\/b\u003E 4.6\u003Cbr\u003E","PHONE":[{"VALUE":"+7 (911) 007-92-55","VALUE_TYPE":"WORK"}]}}},"result":{"result":14,"time":{"start":1651000231.3846,"finish":1651000232.023,"duration":0.63840794563293,"processing":0.57664799690247,"date_start":"2022-04-26T22:10:31+03:00","date_finish":"2022-04-26T22:10:32+03:00","operating":0}}}