{"url":"https:\/\/quizmethod.bitrix24.ru\/rest\/403\/uj6wmfqf2aqb7y8l\/crm.lead.add.json","info":{"url":"https:\/\/quizmethod.bitrix24.ru\/rest\/403\/uj6wmfqf2aqb7y8l\/crm.lead.add.json","content_type":"application\/json; charset=utf-8","http_code":200,"header_size":1178,"request_size":235,"filetime":-1,"ssl_verify_result":0,"redirect_count":0,"total_time":0.370513,"namelookup_time":0.009729,"connect_time":0.021545,"pretransfer_time":0.094365,"size_upload":1928,"size_download":257,"speed_download":693,"speed_upload":5203,"download_content_length":-1,"upload_content_length":1928,"starttransfer_time":0.107282,"redirect_time":0,"redirect_url":"","primary_ip":"178.132.201.52","certinfo":[],"primary_port":443,"local_ip":"87.236.20.110","local_port":47229},"params":{"method":"crm.lead.add","params":{"FIELDS":{"TITLE":"\u0417\u0430\u044f\u0432\u043a\u0430 \u0441 \u0441\u0430\u0439\u0442\u0430 https:\/\/quiz-atlas-spb.ru","NAME":"\u0423\u0442\u043e\u0447\u043d\u0438\u0442\u044c \u0438\u043c\u044f!","COMMENTS":"\u003Cb\u003E\u0422\u0435\u043c\u0430:\u003C\/b\u003E \u0420\u0435\u0437\u0443\u043b\u044c\u0442\u0430\u0442 \u0442\u0435\u0441\u0442\u0430\u003Cbr\u003E\u003Cb\u003E\u0418\u0442\u043e\u0433\u043e\u0432\u0430\u044f_\u0441\u0442\u043e\u0438\u043c\u043e\u0441\u0442\u044c:\u003C\/b\u003E 96000\u003Cbr\u003E\u003Cb\u003E\u0422\u0435\u043b\u0435\u0444\u043e\u043d:\u003C\/b\u003E +7 (222) 333-22-33\u003Cbr\u003E\u003Cb\u003E\u0422\u0438\u043f_\u0436\u0438\u043b\u044c\u044f:\u003C\/b\u003E \u0412\u0442\u043e\u0440\u0438\u0447\u043a\u0430\u003Cbr\u003E\u003Cb\u003E\u0422\u0438\u043f_\u0440\u0435\u043c\u043e\u043d\u0442\u0430:\u003C\/b\u003E \u0420\u0435\u043c\u043e\u043d\u0442 \u043e\u0442\u0434\u0435\u043b\u044c\u043d\u044b\u0445 \u043f\u043e\u043c\u0435\u0449\u0435\u043d\u0438\u0439\u003Cbr\u003E\u003Cb\u003E\u0422\u0438\u043f_\u043f\u043e\u043c\u0435\u0449\u0435\u043d\u0438\u044f:\u003C\/b\u003E \u0421\u0430\u043d\u0443\u0437\u0435\u043b\u003Cbr\u003E\u003Cb\u003E\u041a\u043e\u043c\u043c\u0443\u043d\u0438\u043a\u0430\u0446\u0438\u0438:\u003C\/b\u003E \u0417\u0430\u043c\u0435\u043d\u0430 \u043a\u0430\u043d\u0430\u043b\u0438\u0437\u0430\u0446\u0438\u0438\u003Cbr\u003E\u003Cb\u003E\u0421\u0430\u043d\u0442\u0435\u0445\u043d\u0438\u043a\u0430:\u003C\/b\u003E \u0412\u0430\u043d\u043d\u0430\u044f, \u0420\u0430\u043a\u043e\u0432\u0438\u043d\u0430\u003Cbr\u003E\u003Cb\u003E\u041c\u0435\u0441\u0435\u043d\u0434\u0436\u0435\u0440:\u003C\/b\u003E Viber\u003Cbr\u003E\u003Cb\u003E\u0412\u044b\u0441\u043e\u0442\u0430_\u043f\u043e\u0442\u043e\u043b\u043a\u043e\u0432:\u003C\/b\u003E 5\u003Cbr\u003E\u003Cb\u003E\u041f\u043b\u043e\u0449\u0430\u0434\u044c_\u043f\u043e\u043c\u0435\u0449\u0435\u043d\u0438\u044f:\u003C\/b\u003E 2\u003Cbr\u003E","PHONE":[{"VALUE":"+7 (222) 333-22-33","VALUE_TYPE":"WORK"}]}}},"result":{"result":4093,"time":{"start":1650630286.5443,"finish":1650630286.7446,"duration":0.20038199424744,"processing":0.17947196960449,"date_start":"2022-04-22T15:24:46+03:00","date_finish":"2022-04-22T15:24:46+03:00","operating":0.98675489425659}}}