{"url":"https:\/\/atlas-studio.bitrix24.ru\/rest\/6\/x9mxlocgbcszfz7i\/crm.lead.add.json","info":{"url":"https:\/\/atlas-studio.bitrix24.ru\/rest\/6\/x9mxlocgbcszfz7i\/crm.lead.add.json","content_type":"application\/json; charset=utf-8","http_code":200,"header_size":1176,"request_size":235,"filetime":-1,"ssl_verify_result":0,"redirect_count":0,"total_time":0.813059,"namelookup_time":0.181819,"connect_time":0.1833,"pretransfer_time":0.206628,"size_upload":4253,"size_download":236,"speed_download":290,"speed_upload":5230,"download_content_length":-1,"upload_content_length":4253,"starttransfer_time":0.208869,"redirect_time":0,"redirect_url":"","primary_ip":"178.132.201.52","certinfo":[],"primary_port":443,"local_ip":"87.236.20.110","local_port":52499},"params":{"method":"crm.lead.add","params":{"FIELDS":{"TITLE":"\u0417\u0430\u044f\u0432\u043a\u0430 \u0441 \u0441\u0430\u0439\u0442\u0430 https:\/\/quiz-atlas-spb.ru","NAME":"\u0423\u0442\u043e\u0447\u043d\u0438\u0442\u044c \u0438\u043c\u044f!","COMMENTS":"\u003Ctable style=\u0027width: 50%;\u0027\u003E\n\t\t\u003Ctr style=\u0022background-color: #f8f8f8;\u0022\u003E\n\t\t\u003Ctd style=\u0027padding: 10px; width: auto;\u0027\u003E\u003Cb\u003E\u0422\u0435\u043c\u0430:\u003C\/b\u003E\u003C\/td\u003E\n\t\t\u003Ctd style=\u0027padding: 10px;width: 100%;\u0027\u003E\u0420\u0435\u0437\u0443\u043b\u044c\u0442\u0430\u0442 \u0442\u0435\u0441\u0442\u0430\u003C\/td\u003E\n\t\t\u003C\/tr\u003E\n\t\t\n\t\t\u003Ctr\u003E\n\t\t\u003Ctd style=\u0027padding: 10px; width: auto;\u0027\u003E\u003Cb\u003E\u0418\u0442\u043e\u0433\u043e\u0432\u0430\u044f_\u0441\u0442\u043e\u0438\u043c\u043e\u0441\u0442\u044c:\u003C\/b\u003E\u003C\/td\u003E\n\t\t\u003Ctd style=\u0027padding: 10px;width: 100%;\u0027\u003E520500\u003C\/td\u003E\n\t\t\u003C\/tr\u003E\n\t\t\n\t\t\u003Ctr style=\u0022background-color: #f8f8f8;\u0022\u003E\n\t\t\u003Ctd style=\u0027padding: 10px; width: auto;\u0027\u003E\u003Cb\u003E\u0422\u0435\u043b\u0435\u0444\u043e\u043d:\u003C\/b\u003E\u003C\/td\u003E\n\t\t\u003Ctd style=\u0027padding: 10px;width: 100%;\u0027\u003E+7 (921) 939-86-45\u003C\/td\u003E\n\t\t\u003C\/tr\u003E\n\t\t\n\t\t\u003Ctr\u003E\n\t\t\u003Ctd style=\u0027padding: 10px; width: auto;\u0027\u003E\u003Cb\u003E\u0422\u0438\u043f_\u0436\u0438\u043b\u044c\u044f:\u003C\/b\u003E\u003C\/td\u003E\n\t\t\u003Ctd style=\u0027padding: 10px;width: 100%;\u0027\u003E\u041d\u043e\u0432\u043e\u0441\u0442\u0440\u043e\u0439\u043a\u0430\u003C\/td\u003E\n\t\t\u003C\/tr\u003E\n\t\t\n\t\t\u003Ctr style=\u0022background-color: #f8f8f8;\u0022\u003E\n\t\t\u003Ctd style=\u0027padding: 10px; width: auto;\u0027\u003E\u003Cb\u003E\u0422\u0438\u043f_\u0440\u0435\u043c\u043e\u043d\u0442\u0430:\u003C\/b\u003E\u003C\/td\u003E\n\t\t\u003Ctd style=\u0027padding: 10px;width: 100%;\u0027\u003E\u0420\u0435\u043c\u043e\u043d\u0442 \u0432\u0441\u0435\u0439 \u043a\u0432\u0430\u0440\u0442\u0438\u0440\u044b\u003C\/td\u003E\n\t\t\u003C\/tr\u003E\n\t\t\n\t\t\u003Ctr\u003E\n\t\t\u003Ctd style=\u0027padding: 10px; width: auto;\u0027\u003E\u003Cb\u003E\u0421\u043a\u043e\u043b\u044c\u043a\u043e_\u0441\u0430\u043d\u0443\u0437\u043b\u043e\u0432:\u003C\/b\u003E\u003C\/td\u003E\n\t\t\u003Ctd style=\u0027padding: 10px;width: 100%;\u0027\u003E\u041e\u0434\u0438\u043d \u0441\u0430\u043d\u0443\u0437\u0435\u043b\u003C\/td\u003E\n\t\t\u003C\/tr\u003E\n\t\t\n\t\t\u003Ctr style=\u0022background-color: #f8f8f8;\u0022\u003E\n\t\t\u003Ctd style=\u0027padding: 10px; width: auto;\u0027\u003E\u003Cb\u003E\u0414\u0435\u043c\u043e\u043d\u0442\u0430\u0436:\u003C\/b\u003E\u003C\/td\u003E\n\t\t\u003Ctd style=\u0027padding: 10px;width: 100%;\u0027\u003E\u0414\u0430\u003C\/td\u003E\n\t\t\u003C\/tr\u003E\n\t\t\n\t\t\u003Ctr\u003E\n\t\t\u003Ctd style=\u0027padding: 10px; width: auto;\u0027\u003E\u003Cb\u003E\u041f\u043e\u0434\u0430\u0440\u043e\u043a:\u003C\/b\u003E\u003C\/td\u003E\n\t\t\u003Ctd style=\u0027padding: 10px;width: 100%;\u0027\u003E\u041a\u043b\u0438\u043d\u0438\u043d\u0433\u003C\/td\u003E\n\t\t\u003C\/tr\u003E\n\t\t\n\t\t\u003Ctr style=\u0022background-color: #f8f8f8;\u0022\u003E\n\t\t\u003Ctd style=\u0027padding: 10px; width: auto;\u0027\u003E\u003Cb\u003E\u041c\u0435\u0441\u0435\u043d\u0434\u0436\u0435\u0440:\u003C\/b\u003E\u003C\/td\u003E\n\t\t\u003Ctd style=\u0027padding: 10px;width: 100%;\u0027\u003EWhatsApp\u003C\/td\u003E\n\t\t\u003C\/tr\u003E\n\t\t\n\t\t\u003Ctr\u003E\n\t\t\u003Ctd style=\u0027padding: 10px; width: auto;\u0027\u003E\u003Cb\u003E\u041f\u043b\u043e\u0449\u0430\u0434\u044c_\u043a\u0432\u0430\u0440\u0442\u0438\u0440\u044b_:\u003C\/b\u003E\u003C\/td\u003E\n\t\t\u003Ctd style=\u0027padding: 10px;width: 100%;\u0027\u003E50\u003C\/td\u003E\n\t\t\u003C\/tr\u003E\n\t\t\n\t\t\u003Ctr style=\u0022background-color: #f8f8f8;\u0022\u003E\n\t\t\u003Ctd style=\u0027padding: 10px; width: auto;\u0027\u003E\u003Cb\u003E\u041f\u043b\u043e\u0449\u0430\u0434\u044c_\u0441\u0430\u043d\u0443\u0437\u043b\u043e\u0432:\u003C\/b\u003E\u003C\/td\u003E\n\t\t\u003Ctd style=\u0027padding: 10px;width: 100%;\u0027\u003E5\u003C\/td\u003E\n\t\t\u003C\/tr\u003E\n\t\t\u003C\/table\u003E","PHONE":[{"VALUE":"+7 (921) 939-86-45","VALUE_TYPE":"WORK"}]}}},"result":{"result":4,"time":{"start":1650560483.5136,"finish":1650560484.0455,"duration":0.53188610076904,"processing":0.49212002754211,"date_start":"2022-04-21T20:01:23+03:00","date_finish":"2022-04-21T20:01:24+03:00","operating":0}}}